<metadata xml:lang="en"><Esri><CreaDate>20200702</CreaDate><CreaTime>17561100</CreaTime><ArcGISFormat>1.0</ArcGISFormat><SyncOnce>FALSE</SyncOnce><DataProperties><lineage><Process ToolSource="c:\program files\arcgis\pro\Resources\ArcToolbox\toolboxes\Conversion Tools.tbx\FeatureClassToFeatureClass" Date="20200702" Time="175611" Name="" export="">FeatureClassToFeatureClass "all_areas selection" D:\Fairfax_GIS\FY21_MS4_ServiceAreaData\Revised_Deliverables.gdb County_Drainage_Areas # "drainage_area_TotAcres "TotAcres" true true false 8 Double 0 0,First,#,all_areas selection,all_areas.drainage_area_TotAcres,-1,-1;pervious_da_PervAcres "PervAcres" true true false 8 Double 0 0,First,#,all_areas selection,all_areas.pervious_da_PervAcres,-1,-1;ImpAcres "ImpAcres" true true false 8 Double 0 0,First,#,all_areas selection,all_areas.ImpAcres,-1,-1;STORMNET_ID "STORMNET_ID" true true false 14 Text 0 0,First,#,all_areas selection,all_areas.STORMNET_ID,0,14;MAINTENANCE "MAINTENANCE" true true false 25 Text 0 0,First,#,all_areas selection,all_areas.MAINTENANCE,0,25;Determination "Determination" true true false 50 Text 0 0,First,#,all_areas selection,all_areas.Determination,0,50;VAHU6 "VAHU6" true true false 4 Text 0 0,First,#,all_areas selection,all_areas.VAHU6,0,4;WS_NAME "WS_NAME" true true false 20 Text 0 0,First,#,all_areas selection,all_areas.WS_NAME,0,20;Shape_Length "Shape_Length" false true true 8 Double 0 0,First,#,all_areas selection,all_areas.Shape_Length,-1,-1;Shape_Area "Shape_Area" false true true 8 Double 0 0,First,#,all_areas selection,all_areas.Shape_Area,-1,-1;OBJECTID "OBJECTID" false true false 4 Long 0 9,First,#,all_areas selection,MS4_Outfalls.OBJECTID,-1,-1;STORMNET_ID_1 "STORMNET_ID" true true false 14 Text 0 0,First,#,all_areas selection,MS4_Outfalls.STORMNET_ID,0,14;HYDROID "HYDROID" true true false 8 Double 0 0,First,#,all_areas selection,MS4_Outfalls.HYDROID,-1,-1;MAPNUM "MAPNUM" true true false 4 Text 0 0,First,#,all_areas selection,MS4_Outfalls.MAPNUM,0,4;TYPE "TYPE" true true false 25 Text 0 0,First,#,all_areas selection,MS4_Outfalls.TYPE,0,25;MATERIAL "MATERIAL" true true false 20 Text 0 0,First,#,all_areas selection,MS4_Outfalls.MATERIAL,0,20;MAINTENANCE_1 "MAINTENANCE" true true false 25 Text 0 0,First,#,all_areas selection,MS4_Outfalls.MAINTENANCE,0,25;RIM_ELEV "RIM_ELEV" true true false 8 Double 0 0,First,#,all_areas selection,MS4_Outfalls.RIM_ELEV,-1,-1;FACILITY_ID "FACILITY_ID" true true false 9 Text 0 0,First,#,all_areas selection,MS4_Outfalls.FACILITY_ID,0,9;DRAW_ANGLE "DRAW_ANGLE" true true false 8 Double 0 0,First,#,all_areas selection,MS4_Outfalls.DRAW_ANGLE,-1,-1;DRAWSYM "DRAWSYM" true true false 20 Text 0 0,First,#,all_areas selection,MS4_Outfalls.DRAWSYM,0,20;CREATOR "CREATOR" true true false 20 Text 0 0,First,#,all_areas selection,MS4_Outfalls.CREATOR,0,20;CREATION_DATE "CREATION_DATE" true true false 8 Date 0 0,First,#,all_areas selection,MS4_Outfalls.CREATION_DATE,-1,-1;EDITOR "EDITOR" true true false 20 Text 0 0,First,#,all_areas selection,MS4_Outfalls.EDITOR,0,20;EDIT_DATE "EDIT_DATE" true true false 8 Date 0 0,First,#,all_areas selection,MS4_Outfalls.EDIT_DATE,-1,-1;ENABLED "ENABLED" true true false 2 Short 0 0,First,#,all_areas selection,MS4_Outfalls.ENABLED,-1,-1;ANCILLARYROLE "ANCILLARYROLE" true true false 2 Short 0 0,First,#,all_areas selection,MS4_Outfalls.ANCILLARYROLE,-1,-1;DEEDBOOK "DEEDBOOK" true true false 5 Text 0 0,First,#,all_areas selection,MS4_Outfalls.DEEDBOOK,0,5;DEEDPAGE "DEEDPAGE" true true false 4 Text 0 0,First,#,all_areas selection,MS4_Outfalls.DEEDPAGE,0,4;SOURCE "SOURCE" true true false 20 Text 0 0,First,#,all_areas selection,MS4_Outfalls.SOURCE,0,20;STATUS "STATUS" true true false 20 Text 0 0,First,#,all_areas selection,MS4_Outfalls.STATUS,0,20;COMMENTS "COMMENTS" true true false 250 Text 0 0,First,#,all_areas selection,MS4_Outfalls.COMMENTS,0,250;PLAN_NUM "PLAN_NUM" true true false 30 Text 0 0,First,#,all_areas selection,MS4_Outfalls.PLAN_NUM,0,30;EST_BUILT_DATE "EST_BUILT_DATE" true true false 8 Date 0 0,First,#,all_areas selection,MS4_Outfalls.EST_BUILT_DATE,-1,-1;WATERSHED "WATERSHED" true true false 20 Text 0 0,First,#,all_areas selection,MS4_Outfalls.WATERSHED,0,20;HUC_CODE "HUC_CODE" true true false 6 Text 0 0,First,#,all_areas selection,MS4_Outfalls.HUC_CODE,0,6;SUBSHED "SUBSHED" true true false 15 Text 0 0,First,#,all_areas selection,MS4_Outfalls.SUBSHED,0,15;NET_NODE_TYPE "NET_NODE_TYPE" true true false 2 Short 0 0,First,#,all_areas selection,MS4_Outfalls.NET_NODE_TYPE,-1,-1;GISOBJID "GISOBJID" true true false 4 Long 0 0,First,#,all_areas selection,MS4_Outfalls.GISOBJID,-1,-1;EAM_STATUS "EAM_STATUS" true true false 1 Text 0 0,First,#,all_areas selection,MS4_Outfalls.EAM_STATUS,0,1;EAM_COM_DATE "EAM_COM_DATE" true true false 8 Date 0 0,First,#,all_areas selection,MS4_Outfalls.EAM_COM_DATE,-1,-1;MS4_OUTFALL "MS4_OUTFALL" true true false 3 Text 0 0,First,#,all_areas selection,MS4_Outfalls.MS4_OUTFALL,0,3;created_user "created_user" true true false 255 Text 0 0,First,#,all_areas selection,MS4_Outfalls.created_user,0,255;created_date "created_date" true true false 8 Date 0 0,First,#,all_areas selection,MS4_Outfalls.created_date,-1,-1;last_edited_user "last_edited_user" true true false 255 Text 0 0,First,#,all_areas selection,MS4_Outfalls.last_edited_user,0,255;last_edited_date "last_edited_date" true true false 8 Date 0 0,First,#,all_areas selection,MS4_Outfalls.last_edited_date,-1,-1" #</Process><Process ToolSource="c:\program files\arcgis\pro\Resources\ArcToolbox\toolboxes\Conversion Tools.tbx\FeatureClassToFeatureClass" Date="20200828" Time="143652">FeatureClassToFeatureClass County_Drainage_Areas D:\Fairfax\MS4_Analysis County_Drainage_Areas.shp # "drainage_a "TotAcres" true true false 8 Double 0 0,First,#,County_Drainage_Areas,drainage_area_TotAcres,-1,-1;pervious_d "PervAcres" true true false 8 Double 0 0,First,#,County_Drainage_Areas,pervious_da_PervAcres,-1,-1;ImpAcres "ImpAcres" true true false 8 Double 0 0,First,#,County_Drainage_Areas,ImpAcres,-1,-1;STORMNET_I "STORMNET_ID" true true false 14 Text 0 0,First,#,County_Drainage_Areas,STORMNET_ID,0,14;MAINTENANC "MAINTENANCE" true true false 25 Text 0 0,First,#,County_Drainage_Areas,MAINTENANCE,0,25;Determinat "Determination" true true false 50 Text 0 0,First,#,County_Drainage_Areas,Determination,0,50;VAHU6 "VAHU6" true true false 4 Text 0 0,First,#,County_Drainage_Areas,VAHU6,0,4;WS_NAME "WS_NAME" true true false 20 Text 0 0,First,#,County_Drainage_Areas,WS_NAME,0,20;OBJECTID "OBJECTID" true true false 4 Long 0 0,First,#,County_Drainage_Areas,OBJECTID,-1,-1;STORMNET_1 "STORMNET_ID" true true false 14 Text 0 0,First,#,County_Drainage_Areas,STORMNET_ID_1,0,14;HYDROID "HYDROID" true true false 8 Double 0 0,First,#,County_Drainage_Areas,HYDROID,-1,-1;MAPNUM "MAPNUM" true true false 4 Text 0 0,First,#,County_Drainage_Areas,MAPNUM,0,4;TYPE "TYPE" true true false 25 Text 0 0,First,#,County_Drainage_Areas,TYPE,0,25;MATERIAL "MATERIAL" true true false 20 Text 0 0,First,#,County_Drainage_Areas,MATERIAL,0,20;MAINTENA_1 "MAINTENANCE" true true false 25 Text 0 0,First,#,County_Drainage_Areas,MAINTENANCE_1,0,25;RIM_ELEV "RIM_ELEV" true true false 8 Double 0 0,First,#,County_Drainage_Areas,RIM_ELEV,-1,-1;FACILITY_I "FACILITY_ID" true true false 9 Text 0 0,First,#,County_Drainage_Areas,FACILITY_ID,0,9;DRAW_ANGLE "DRAW_ANGLE" true true false 8 Double 0 0,First,#,County_Drainage_Areas,DRAW_ANGLE,-1,-1;DRAWSYM "DRAWSYM" true true false 20 Text 0 0,First,#,County_Drainage_Areas,DRAWSYM,0,20;CREATOR "CREATOR" true true false 20 Text 0 0,First,#,County_Drainage_Areas,CREATOR,0,20;CREATION_D "CREATION_DATE" true true false 8 Date 0 0,First,#,County_Drainage_Areas,CREATION_DATE,-1,-1;EDITOR "EDITOR" true true false 20 Text 0 0,First,#,County_Drainage_Areas,EDITOR,0,20;EDIT_DATE "EDIT_DATE" true true false 8 Date 0 0,First,#,County_Drainage_Areas,EDIT_DATE,-1,-1;ENABLED "ENABLED" true true false 2 Short 0 0,First,#,County_Drainage_Areas,ENABLED,-1,-1;ANCILLARYR "ANCILLARYROLE" true true false 2 Short 0 0,First,#,County_Drainage_Areas,ANCILLARYROLE,-1,-1;DEEDBOOK "DEEDBOOK" true true false 5 Text 0 0,First,#,County_Drainage_Areas,DEEDBOOK,0,5;DEEDPAGE "DEEDPAGE" true true false 4 Text 0 0,First,#,County_Drainage_Areas,DEEDPAGE,0,4;SOURCE "SOURCE" true true false 20 Text 0 0,First,#,County_Drainage_Areas,SOURCE,0,20;STATUS "STATUS" true true false 20 Text 0 0,First,#,County_Drainage_Areas,STATUS,0,20;COMMENTS "COMMENTS" true true false 250 Text 0 0,First,#,County_Drainage_Areas,COMMENTS,0,250;PLAN_NUM "PLAN_NUM" true true false 30 Text 0 0,First,#,County_Drainage_Areas,PLAN_NUM,0,30;EST_BUILT_ "EST_BUILT_DATE" true true false 8 Date 0 0,First,#,County_Drainage_Areas,EST_BUILT_DATE,-1,-1;WATERSHED "WATERSHED" true true false 20 Text 0 0,First,#,County_Drainage_Areas,WATERSHED,0,20;HUC_CODE "HUC_CODE" true true false 6 Text 0 0,First,#,County_Drainage_Areas,HUC_CODE,0,6;SUBSHED "SUBSHED" true true false 15 Text 0 0,First,#,County_Drainage_Areas,SUBSHED,0,15;NET_NODE_T "NET_NODE_TYPE" true true false 2 Short 0 0,First,#,County_Drainage_Areas,NET_NODE_TYPE,-1,-1;GISOBJID "GISOBJID" true true false 4 Long 0 0,First,#,County_Drainage_Areas,GISOBJID,-1,-1;EAM_STATUS "EAM_STATUS" true true false 1 Text 0 0,First,#,County_Drainage_Areas,EAM_STATUS,0,1;EAM_COM_DA "EAM_COM_DATE" true true false 8 Date 0 0,First,#,County_Drainage_Areas,EAM_COM_DATE,-1,-1;MS4_OUTFAL "MS4_OUTFALL" true true false 3 Text 0 0,First,#,County_Drainage_Areas,MS4_OUTFALL,0,3;created_us "created_user" true true false 255 Text 0 0,First,#,County_Drainage_Areas,created_user,0,255;created_da "created_date" true true false 8 Date 0 0,First,#,County_Drainage_Areas,created_date,-1,-1;last_edite "last_edited_user" true true false 255 Text 0 0,First,#,County_Drainage_Areas,last_edited_user,0,255;last_edi_1 "last_edited_date" true true false 8 Date 0 0,First,#,County_Drainage_Areas,last_edited_date,-1,-1;Shape_Leng "Shape_Length" false true true 8 Double 0 0,First,#,County_Drainage_Areas,Shape_Length,-1,-1;Shape_Area "Shape_Area" false true true 8 Double 0 0,First,#,County_Drainage_Areas,Shape_Area,-1,-1" #</Process></lineage><itemProps><itemName Sync="TRUE">County_Drainage_Areas</itemName><imsContentType Sync="TRUE">002</imsContentType><itemSize Sync="TRUE">0.000</itemSize><itemLocation><linkage Sync="TRUE">file://\\MCDMYD733\D$\Fairfax\MS4_Analysis\County_Drainage_Areas.shp</linkage><protocol Sync="TRUE">Local Area Network</protocol></itemLocation></itemProps><coordRef><type Sync="TRUE">Projected</type><geogcsn Sync="TRUE">GCS_North_American_1983</geogcsn><csUnits Sync="TRUE">Linear Unit: Foot_US (0.304801)</csUnits><projcsn Sync="TRUE">NAD_1983_StatePlane_Virginia_North_FIPS_4501_Feet</projcsn><peXml Sync="TRUE">&lt;ProjectedCoordinateSystem xsi:type='typens:ProjectedCoordinateSystem' xmlns:xsi='http://www.w3.org/2001/XMLSchema-instance' xmlns:xs='http://www.w3.org/2001/XMLSchema' xmlns:typens='http://www.esri.com/schemas/ArcGIS/2.6.0'&gt;&lt;WKT&gt;PROJCS[&amp;quot;NAD_1983_StatePlane_Virginia_North_FIPS_4501_Feet&amp;quot;,GEOGCS[&amp;quot;GCS_North_American_1983&amp;quot;,DATUM[&amp;quot;D_North_American_1983&amp;quot;,SPHEROID[&amp;quot;GRS_1980&amp;quot;,6378137.0,298.257222101]],PRIMEM[&amp;quot;Greenwich&amp;quot;,0.0],UNIT[&amp;quot;Degree&amp;quot;,0.0174532925199433]],PROJECTION[&amp;quot;Lambert_Conformal_Conic&amp;quot;],PARAMETER[&amp;quot;False_Easting&amp;quot;,11482916.66666666],PARAMETER[&amp;quot;False_Northing&amp;quot;,6561666.666666666],PARAMETER[&amp;quot;Central_Meridian&amp;quot;,-78.5],PARAMETER[&amp;quot;Standard_Parallel_1&amp;quot;,38.03333333333333],PARAMETER[&amp;quot;Standard_Parallel_2&amp;quot;,39.2],PARAMETER[&amp;quot;Latitude_Of_Origin&amp;quot;,37.66666666666666],UNIT[&amp;quot;Foot_US&amp;quot;,0.3048006096012192],AUTHORITY[&amp;quot;EPSG&amp;quot;,2283]]&lt;/WKT&gt;&lt;XOrigin&gt;-110512500&lt;/XOrigin&gt;&lt;YOrigin&gt;-88858000&lt;/YOrigin&gt;&lt;XYScale&gt;36916142.964165002&lt;/XYScale&gt;&lt;ZOrigin&gt;-100000&lt;/ZOrigin&gt;&lt;ZScale&gt;10000&lt;/ZScale&gt;&lt;MOrigin&gt;-100000&lt;/MOrigin&gt;&lt;MScale&gt;10000&lt;/MScale&gt;&lt;XYTolerance&gt;0.0032808333333333331&lt;/XYTolerance&gt;&lt;ZTolerance&gt;0.001&lt;/ZTolerance&gt;&lt;MTolerance&gt;0.001&lt;/MTolerance&gt;&lt;HighPrecision&gt;true&lt;/HighPrecision&gt;&lt;WKID&gt;102746&lt;/WKID&gt;&lt;LatestWKID&gt;2283&lt;/LatestWKID&gt;&lt;/ProjectedCoordinateSystem&gt;</peXml></coordRef><LayerFile>{"type":"CIMLayerDocument","version":"2.6.0","build":24783,"layers":["CIMPATH=map/county_drainage_areas.xml"],"layerDefinitions":[{"type":"CIMFeatureLayer","name":"County_Drainage_Areas","uRI":"CIMPATH=map/county_drainage_areas.xml","sourceModifiedTime":{"type":"TimeInstant"},"useSourceMetadata":true,"description":"County_Drainage_Areas","layerElevation":{"type":"CIMLayerElevationSurface","mapElevationID":"{F75B8E46-A37C-4888-B49F-AEE06C3652AE}"},"expanded":true,"layerType":"Operational","showLegends":true,"transparency":40,"visibility":true,"displayCacheType":"Permanent","maxDisplayCacheAge":5,"showPopups":true,"serviceLayerID":-1,"refreshRate":-1,"refreshRateUnit":"esriTimeUnitsSeconds","autoGenerateFeatureTemplates":true,"featureElevationExpression":"0","featureTable":{"type":"CIMFeatureTable","displayField":"WS_NAME","editable":true,"dataConnection":{"type":"CIMStandardDataConnection","workspaceConnectionString":"DATABASE=D:\\Fairfax\\MS4_Analysis","workspaceFactory":"Shapefile","dataset":"County_Drainage_Areas","datasetType":"esriDTFeatureClass"},"studyAreaSpatialRel":"esriSpatialRelUndefined","searchOrder":"esriSearchOrderSpatial"},"htmlPopupEnabled":true,"selectable":true,"featureCacheType":"Session","displayFiltersType":"ByScale","labelClasses":[{"type":"CIMLabelClass","expression":"$feature.WS_NAME","expressionEngine":"Arcade","featuresToLabel":"AllVisibleFeatures","maplexLabelPlacementProperties":{"type":"CIMMaplexLabelPlacementProperties","featureType":"Polygon","avoidPolygonHoles":true,"canOverrunFeature":true,"canPlaceLabelOutsidePolygon":true,"canRemoveOverlappingLabel":true,"canStackLabel":true,"connectionType":"Unambiguous","constrainOffset":"NoConstraint","contourAlignmentType":"Page","contourLadderType":"Straight","contourMaximumAngle":90,"enableConnection":true,"featureWeight":0,"fontHeightReductionLimit":4,"fontHeightReductionStep":0.5,"fontWidthReductionLimit":90,"fontWidthReductionStep":5,"graticuleAlignmentType":"Straight","keyNumberGroupName":"Default","labelBuffer":15,"labelLargestPolygon":true,"labelPriority":-1,"labelStackingProperties":{"type":"CIMMaplexLabelStackingProperties","stackAlignment":"ChooseBest","maximumNumberOfLines":3,"minimumNumberOfCharsPerLine":3,"maximumNumberOfCharsPerLine":24,"separators":[{"type":"CIMMaplexStackingSeparator","separator":" ","splitAfter":true},{"type":"CIMMaplexStackingSeparator","separator":",","visible":true,"splitAfter":true}]},"lineFeatureType":"General","linePlacementMethod":"OffsetCurvedFromLine","maximumLabelOverrun":80,"maximumLabelOverrunUnit":"Point","minimumFeatureSizeUnit":"Map","multiPartOption":"OneLabelPerPart","offsetAlongLineProperties":{"type":"CIMMaplexOffsetAlongLineProperties","placementMethod":"BestPositionAlongLine","labelAnchorPoint":"CenterOfLabel","distanceUnit":"Percentage","useLineDirection":true},"pointExternalZonePriorities":{"type":"CIMMaplexExternalZonePriorities","aboveLeft":4,"aboveCenter":2,"aboveRight":1,"centerRight":3,"belowRight":5,"belowCenter":7,"belowLeft":8,"centerLeft":6},"pointPlacementMethod":"AroundPoint","polygonAnchorPointType":"GeometricCenter","polygonBoundaryWeight":0,"polygonExternalZones":{"type":"CIMMaplexExternalZonePriorities","aboveLeft":4,"aboveCenter":2,"aboveRight":1,"centerRight":3,"belowRight":5,"belowCenter":7,"belowLeft":8,"centerLeft":6},"polygonFeatureType":"General","polygonInternalZones":{"type":"CIMMaplexInternalZonePriorities","center":1},"polygonPlacementMethod":"HorizontalInPolygon","primaryOffset":1,"primaryOffsetUnit":"Point","removeExtraWhiteSpace":true,"repetitionIntervalUnit":"Map","rotationProperties":{"type":"CIMMaplexRotationProperties","rotationType":"Arithmetic","alignmentType":"Straight"},"secondaryOffset":100,"strategyPriorities":{"type":"CIMMaplexStrategyPriorities","stacking":1,"overrun":2,"fontCompression":3,"fontReduction":4,"abbreviation":5},"thinningDistanceUnit":"Point","truncationMarkerCharacter":".","truncationMinimumLength":1,"truncationPreferredCharacters":"aeiou"},"name":"Class 1","priority":-1,"standardLabelPlacementProperties":{"type":"CIMStandardLabelPlacementProperties","featureType":"Line","featureWeight":"Low","labelWeight":"High","numLabelsOption":"OneLabelPerName","lineLabelPosition":{"type":"CIMStandardLineLabelPosition","above":true,"inLine":true,"parallel":true},"lineLabelPriorities":{"type":"CIMStandardLineLabelPriorities","aboveStart":3,"aboveAlong":3,"aboveEnd":3,"centerStart":3,"centerAlong":3,"centerEnd":3,"belowStart":3,"belowAlong":3,"belowEnd":3},"pointPlacementMethod":"AroundPoint","pointPlacementPriorities":{"type":"CIMStandardPointPlacementPriorities","aboveLeft":2,"aboveCenter":2,"aboveRight":1,"centerLeft":3,"centerRight":2,"belowLeft":3,"belowCenter":3,"belowRight":2},"rotationType":"Arithmetic","polygonPlacementMethod":"AlwaysHorizontal"},"textSymbol":{"type":"CIMSymbolReference","symbol":{"type":"CIMTextSymbol","blockProgression":"TTB","depth3D":1,"extrapolateBaselines":true,"fontEffects":"Normal","fontEncoding":"Unicode","fontFamilyName":"Tahoma","fontStyleName":"Regular","fontType":"Unspecified","haloSize":1,"height":10,"hinting":"Default","horizontalAlignment":"Left","kerning":true,"letterWidth":100,"ligatures":true,"lineGapType":"ExtraLeading","symbol":{"type":"CIMPolygonSymbol","symbolLayers":[{"type":"CIMSolidFill","enable":true,"color":{"type":"CIMRGBColor","values":[0,0,0,100]}}]},"textCase":"Normal","textDirection":"LTR","verticalAlignment":"Bottom","verticalGlyphOrientation":"Right","wordSpacing":100,"billboardMode3D":"FaceNearPlane"}},"useCodedValue":true,"visibility":true,"iD":-1}],"renderer":{"type":"CIMSimpleRenderer","patch":"Default","symbol":{"type":"CIMSymbolReference","symbol":{"type":"CIMPolygonSymbol","symbolLayers":[{"type":"CIMSolidStroke","enable":true,"capStyle":"Round","joinStyle":"Round","lineStyle3D":"Strip","miterLimit":10,"width":0.69999999999999996,"color":{"type":"CIMRGBColor","values":[110,110,110,100]}},{"type":"CIMSolidFill","enable":true,"color":{"type":"CIMRGBColor","values":[255,0,0,100]}}]}}},"scaleSymbols":true,"snappable":true}]}</LayerFile></DataProperties><scaleRange><minScale>150000000</minScale><maxScale>5000</maxScale></scaleRange><SyncDate>20200828</SyncDate><SyncTime>14364600</SyncTime><ModDate>20200828</ModDate><ModTime>14364600</ModTime></Esri><dataIdInfo><idPurp>This is the final updated County Drainage Area for FY21. The initial deliverable was modified for QC corrections and an updated VPDES layer.</idPurp><idCitation><resTitle>MS4</resTitle><presForm><PresFormCd value="005" Sync="TRUE"></PresFormCd></presForm></idCitation><searchKeys><keyword>MS4</keyword><keyword>FY21</keyword></searchKeys><envirDesc Sync="TRUE">Microsoft Windows 10 Version 10.0 (Build 18363) ; Esri ArcGIS 12.6.0.24783</envirDesc><dataLang><languageCode value="eng" Sync="TRUE"></languageCode><countryCode value="USA" Sync="TRUE"></countryCode></dataLang><spatRpType><SpatRepTypCd value="001" Sync="TRUE"></SpatRepTypCd></spatRpType></dataIdInfo><mdHrLv><ScopeCd value="005"></ScopeCd></mdHrLv><mdDateSt Sync="TRUE">20200828</mdDateSt><mdLang><languageCode value="eng" Sync="TRUE"></languageCode><countryCode value="USA" Sync="TRUE"></countryCode></mdLang><distInfo><distFormat><formatName Sync="TRUE">Shapefile</formatName></distFormat><distTranOps><transSize Sync="TRUE">0.000</transSize></distTranOps></distInfo><mdHrLvName Sync="TRUE">dataset</mdHrLvName><refSysInfo><RefSystem><refSysID><identCode code="2283" Sync="TRUE"></identCode><idCodeSpace Sync="TRUE">EPSG</idCodeSpace><idVersion Sync="TRUE">5.3(9.0.0)</idVersion></refSysID></RefSystem></refSysInfo><spatRepInfo><VectSpatRep><geometObjs Name="County_Drainage_Areas"><geoObjTyp><GeoObjTypCd value="002" Sync="TRUE"></GeoObjTypCd></geoObjTyp><geoObjCnt Sync="TRUE">0</geoObjCnt></geometObjs><topLvl><TopoLevCd value="001" Sync="TRUE"></TopoLevCd></topLvl></VectSpatRep></spatRepInfo><spdoinfo><ptvctinf><esriterm Name="County_Drainage_Areas"><efeatyp Sync="TRUE">Simple</efeatyp><efeageom code="4" Sync="TRUE"></efeageom><esritopo Sync="TRUE">FALSE</esritopo><efeacnt Sync="TRUE">0</efeacnt><spindex Sync="TRUE">FALSE</spindex><linrefer Sync="TRUE">FALSE</linrefer></esriterm></ptvctinf></spdoinfo><eainfo><detailed Name="County_Drainage_Areas"><enttyp><enttypl Sync="TRUE">County_Drainage_Areas</enttypl><enttypt Sync="TRUE">Feature Class</enttypt><enttypc Sync="TRUE">0</enttypc></enttyp><attr><attrlabl Sync="TRUE">FID</attrlabl><attalias Sync="TRUE">FID</attalias><attrtype Sync="TRUE">OID</attrtype><attwidth Sync="TRUE">4</attwidth><atprecis Sync="TRUE">0</atprecis><attscale Sync="TRUE">0</attscale><attrdef Sync="TRUE">Internal feature number.</attrdef><attrdefs Sync="TRUE">Esri</attrdefs><attrdomv><udom Sync="TRUE">Sequential unique whole numbers that are automatically generated.</udom></attrdomv></attr><attr><attrlabl Sync="TRUE">Shape</attrlabl><attalias Sync="TRUE">Shape</attalias><attrtype Sync="TRUE">Geometry</attrtype><attwidth Sync="TRUE">0</attwidth><atprecis Sync="TRUE">0</atprecis><attscale Sync="TRUE">0</attscale><attrdef Sync="TRUE">Feature geometry.</attrdef><attrdefs Sync="TRUE">Esri</attrdefs><attrdomv><udom Sync="TRUE">Coordinates defining the features.</udom></attrdomv></attr><attr><attrlabl Sync="TRUE">drainage_a</attrlabl><attalias Sync="TRUE">drainage_a</attalias><attrtype Sync="TRUE">Double</attrtype><attwidth Sync="TRUE">19</attwidth><atprecis Sync="TRUE">0</atprecis><attscale Sync="TRUE">0</attscale></attr><attr><attrlabl Sync="TRUE">pervious_d</attrlabl><attalias Sync="TRUE">pervious_d</attalias><attrtype Sync="TRUE">Double</attrtype><attwidth Sync="TRUE">19</attwidth><atprecis Sync="TRUE">0</atprecis><attscale Sync="TRUE">0</attscale></attr><attr><attrlabl Sync="TRUE">ImpAcres</attrlabl><attalias Sync="TRUE">ImpAcres</attalias><attrtype Sync="TRUE">Double</attrtype><attwidth Sync="TRUE">19</attwidth><atprecis Sync="TRUE">0</atprecis><attscale Sync="TRUE">0</attscale></attr><attr><attrlabl Sync="TRUE">STORMNET_I</attrlabl><attalias Sync="TRUE">STORMNET_I</attalias><attrtype Sync="TRUE">String</attrtype><attwidth Sync="TRUE">14</attwidth><atprecis Sync="TRUE">0</atprecis><attscale Sync="TRUE">0</attscale></attr><attr><attrlabl Sync="TRUE">MAINTENANC</attrlabl><attalias Sync="TRUE">MAINTENANC</attalias><attrtype Sync="TRUE">String</attrtype><attwidth Sync="TRUE">25</attwidth><atprecis Sync="TRUE">0</atprecis><attscale Sync="TRUE">0</attscale></attr><attr><attrlabl Sync="TRUE">Determinat</attrlabl><attalias Sync="TRUE">Determinat</attalias><attrtype Sync="TRUE">String</attrtype><attwidth Sync="TRUE">50</attwidth><atprecis Sync="TRUE">0</atprecis><attscale Sync="TRUE">0</attscale></attr><attr><attrlabl Sync="TRUE">VAHU6</attrlabl><attalias Sync="TRUE">VAHU6</attalias><attrtype Sync="TRUE">String</attrtype><attwidth Sync="TRUE">4</attwidth><atprecis Sync="TRUE">0</atprecis><attscale Sync="TRUE">0</attscale></attr><attr><attrlabl Sync="TRUE">WS_NAME</attrlabl><attalias Sync="TRUE">WS_NAME</attalias><attrtype Sync="TRUE">String</attrtype><attwidth Sync="TRUE">20</attwidth><atprecis Sync="TRUE">0</atprecis><attscale Sync="TRUE">0</attscale></attr><attr><attrlabl Sync="TRUE">OBJECTID</attrlabl><attalias Sync="TRUE">OBJECTID</attalias><attrtype Sync="TRUE">Integer</attrtype><attwidth Sync="TRUE">10</attwidth><atprecis Sync="TRUE">10</atprecis><attscale Sync="TRUE">0</attscale></attr><attr><attrlabl Sync="TRUE">STORMNET_1</attrlabl><attalias Sync="TRUE">STORMNET_1</attalias><attrtype Sync="TRUE">String</attrtype><attwidth Sync="TRUE">14</attwidth><atprecis Sync="TRUE">0</atprecis><attscale Sync="TRUE">0</attscale></attr><attr><attrlabl Sync="TRUE">HYDROID</attrlabl><attalias Sync="TRUE">HYDROID</attalias><attrtype Sync="TRUE">Double</attrtype><attwidth Sync="TRUE">19</attwidth><atprecis Sync="TRUE">0</atprecis><attscale Sync="TRUE">0</attscale></attr><attr><attrlabl Sync="TRUE">MAPNUM</attrlabl><attalias Sync="TRUE">MAPNUM</attalias><attrtype Sync="TRUE">String</attrtype><attwidth Sync="TRUE">4</attwidth><atprecis Sync="TRUE">0</atprecis><attscale Sync="TRUE">0</attscale></attr><attr><attrlabl Sync="TRUE">TYPE</attrlabl><attalias Sync="TRUE">TYPE</attalias><attrtype Sync="TRUE">String</attrtype><attwidth Sync="TRUE">25</attwidth><atprecis Sync="TRUE">0</atprecis><attscale Sync="TRUE">0</attscale></attr><attr><attrlabl Sync="TRUE">MATERIAL</attrlabl><attalias Sync="TRUE">MATERIAL</attalias><attrtype Sync="TRUE">String</attrtype><attwidth Sync="TRUE">20</attwidth><atprecis Sync="TRUE">0</atprecis><attscale Sync="TRUE">0</attscale></attr><attr><attrlabl Sync="TRUE">MAINTENA_1</attrlabl><attalias Sync="TRUE">MAINTENA_1</attalias><attrtype Sync="TRUE">String</attrtype><attwidth Sync="TRUE">25</attwidth><atprecis Sync="TRUE">0</atprecis><attscale Sync="TRUE">0</attscale></attr><attr><attrlabl Sync="TRUE">RIM_ELEV</attrlabl><attalias Sync="TRUE">RIM_ELEV</attalias><attrtype Sync="TRUE">Double</attrtype><attwidth Sync="TRUE">19</attwidth><atprecis Sync="TRUE">0</atprecis><attscale Sync="TRUE">0</attscale></attr><attr><attrlabl Sync="TRUE">FACILITY_I</attrlabl><attalias Sync="TRUE">FACILITY_I</attalias><attrtype Sync="TRUE">String</attrtype><attwidth Sync="TRUE">9</attwidth><atprecis Sync="TRUE">0</atprecis><attscale Sync="TRUE">0</attscale></attr><attr><attrlabl Sync="TRUE">DRAW_ANGLE</attrlabl><attalias Sync="TRUE">DRAW_ANGLE</attalias><attrtype Sync="TRUE">Double</attrtype><attwidth Sync="TRUE">19</attwidth><atprecis Sync="TRUE">0</atprecis><attscale Sync="TRUE">0</attscale></attr><attr><attrlabl Sync="TRUE">DRAWSYM</attrlabl><attalias Sync="TRUE">DRAWSYM</attalias><attrtype Sync="TRUE">String</attrtype><attwidth Sync="TRUE">20</attwidth><atprecis Sync="TRUE">0</atprecis><attscale Sync="TRUE">0</attscale></attr><attr><attrlabl Sync="TRUE">CREATOR</attrlabl><attalias Sync="TRUE">CREATOR</attalias><attrtype Sync="TRUE">String</attrtype><attwidth Sync="TRUE">20</attwidth><atprecis Sync="TRUE">0</atprecis><attscale Sync="TRUE">0</attscale></attr><attr><attrlabl Sync="TRUE">CREATION_D</attrlabl><attalias Sync="TRUE">CREATION_D</attalias><attrtype Sync="TRUE">Date</attrtype><attwidth Sync="TRUE">8</attwidth><atprecis Sync="TRUE">0</atprecis><attscale Sync="TRUE">0</attscale></attr><attr><attrlabl Sync="TRUE">EDITOR</attrlabl><attalias Sync="TRUE">EDITOR</attalias><attrtype Sync="TRUE">String</attrtype><attwidth Sync="TRUE">20</attwidth><atprecis Sync="TRUE">0</atprecis><attscale Sync="TRUE">0</attscale></attr><attr><attrlabl Sync="TRUE">EDIT_DATE</attrlabl><attalias Sync="TRUE">EDIT_DATE</attalias><attrtype Sync="TRUE">Date</attrtype><attwidth Sync="TRUE">8</attwidth><atprecis Sync="TRUE">0</atprecis><attscale Sync="TRUE">0</attscale></attr><attr><attrlabl Sync="TRUE">ENABLED</attrlabl><attalias Sync="TRUE">ENABLED</attalias><attrtype Sync="TRUE">Integer</attrtype><attwidth Sync="TRUE">5</attwidth><atprecis Sync="TRUE">5</atprecis><attscale Sync="TRUE">0</attscale></attr><attr><attrlabl Sync="TRUE">ANCILLARYR</attrlabl><attalias Sync="TRUE">ANCILLARYR</attalias><attrtype Sync="TRUE">Integer</attrtype><attwidth Sync="TRUE">5</attwidth><atprecis Sync="TRUE">5</atprecis><attscale Sync="TRUE">0</attscale></attr><attr><attrlabl Sync="TRUE">DEEDBOOK</attrlabl><attalias Sync="TRUE">DEEDBOOK</attalias><attrtype Sync="TRUE">String</attrtype><attwidth Sync="TRUE">5</attwidth><atprecis Sync="TRUE">0</atprecis><attscale Sync="TRUE">0</attscale></attr><attr><attrlabl Sync="TRUE">DEEDPAGE</attrlabl><attalias Sync="TRUE">DEEDPAGE</attalias><attrtype Sync="TRUE">String</attrtype><attwidth Sync="TRUE">4</attwidth><atprecis Sync="TRUE">0</atprecis><attscale Sync="TRUE">0</attscale></attr><attr><attrlabl Sync="TRUE">SOURCE</attrlabl><attalias Sync="TRUE">SOURCE</attalias><attrtype Sync="TRUE">String</attrtype><attwidth Sync="TRUE">20</attwidth><atprecis Sync="TRUE">0</atprecis><attscale Sync="TRUE">0</attscale></attr><attr><attrlabl Sync="TRUE">STATUS</attrlabl><attalias Sync="TRUE">STATUS</attalias><attrtype Sync="TRUE">String</attrtype><attwidth Sync="TRUE">20</attwidth><atprecis Sync="TRUE">0</atprecis><attscale Sync="TRUE">0</attscale></attr><attr><attrlabl Sync="TRUE">COMMENTS</attrlabl><attalias Sync="TRUE">COMMENTS</attalias><attrtype Sync="TRUE">String</attrtype><attwidth Sync="TRUE">250</attwidth><atprecis Sync="TRUE">0</atprecis><attscale Sync="TRUE">0</attscale></attr><attr><attrlabl Sync="TRUE">PLAN_NUM</attrlabl><attalias Sync="TRUE">PLAN_NUM</attalias><attrtype Sync="TRUE">String</attrtype><attwidth Sync="TRUE">30</attwidth><atprecis Sync="TRUE">0</atprecis><attscale Sync="TRUE">0</attscale></attr><attr><attrlabl Sync="TRUE">EST_BUILT_</attrlabl><attalias Sync="TRUE">EST_BUILT_</attalias><attrtype Sync="TRUE">Date</attrtype><attwidth Sync="TRUE">8</attwidth><atprecis Sync="TRUE">0</atprecis><attscale Sync="TRUE">0</attscale></attr><attr><attrlabl Sync="TRUE">WATERSHED</attrlabl><attalias Sync="TRUE">WATERSHED</attalias><attrtype Sync="TRUE">String</attrtype><attwidth Sync="TRUE">20</attwidth><atprecis Sync="TRUE">0</atprecis><attscale Sync="TRUE">0</attscale></attr><attr><attrlabl Sync="TRUE">HUC_CODE</attrlabl><attalias Sync="TRUE">HUC_CODE</attalias><attrtype Sync="TRUE">String</attrtype><attwidth Sync="TRUE">6</attwidth><atprecis Sync="TRUE">0</atprecis><attscale Sync="TRUE">0</attscale></attr><attr><attrlabl Sync="TRUE">SUBSHED</attrlabl><attalias Sync="TRUE">SUBSHED</attalias><attrtype Sync="TRUE">String</attrtype><attwidth Sync="TRUE">15</attwidth><atprecis Sync="TRUE">0</atprecis><attscale Sync="TRUE">0</attscale></attr><attr><attrlabl Sync="TRUE">NET_NODE_T</attrlabl><attalias Sync="TRUE">NET_NODE_T</attalias><attrtype Sync="TRUE">Integer</attrtype><attwidth Sync="TRUE">5</attwidth><atprecis Sync="TRUE">5</atprecis><attscale Sync="TRUE">0</attscale></attr><attr><attrlabl Sync="TRUE">GISOBJID</attrlabl><attalias Sync="TRUE">GISOBJID</attalias><attrtype Sync="TRUE">Integer</attrtype><attwidth Sync="TRUE">10</attwidth><atprecis Sync="TRUE">10</atprecis><attscale Sync="TRUE">0</attscale></attr><attr><attrlabl Sync="TRUE">EAM_STATUS</attrlabl><attalias Sync="TRUE">EAM_STATUS</attalias><attrtype Sync="TRUE">String</attrtype><attwidth Sync="TRUE">1</attwidth><atprecis Sync="TRUE">0</atprecis><attscale Sync="TRUE">0</attscale></attr><attr><attrlabl Sync="TRUE">EAM_COM_DA</attrlabl><attalias Sync="TRUE">EAM_COM_DA</attalias><attrtype Sync="TRUE">Date</attrtype><attwidth Sync="TRUE">8</attwidth><atprecis Sync="TRUE">0</atprecis><attscale Sync="TRUE">0</attscale></attr><attr><attrlabl Sync="TRUE">MS4_OUTFAL</attrlabl><attalias Sync="TRUE">MS4_OUTFAL</attalias><attrtype Sync="TRUE">String</attrtype><attwidth Sync="TRUE">3</attwidth><atprecis Sync="TRUE">0</atprecis><attscale Sync="TRUE">0</attscale></attr><attr><attrlabl Sync="TRUE">created_us</attrlabl><attalias Sync="TRUE">created_us</attalias><attrtype Sync="TRUE">String</attrtype><attwidth Sync="TRUE">254</attwidth><atprecis Sync="TRUE">0</atprecis><attscale Sync="TRUE">0</attscale></attr><attr><attrlabl Sync="TRUE">created_da</attrlabl><attalias Sync="TRUE">created_da</attalias><attrtype Sync="TRUE">Date</attrtype><attwidth Sync="TRUE">8</attwidth><atprecis Sync="TRUE">0</atprecis><attscale Sync="TRUE">0</attscale></attr><attr><attrlabl Sync="TRUE">last_edite</attrlabl><attalias Sync="TRUE">last_edite</attalias><attrtype Sync="TRUE">String</attrtype><attwidth Sync="TRUE">254</attwidth><atprecis Sync="TRUE">0</atprecis><attscale Sync="TRUE">0</attscale></attr><attr><attrlabl Sync="TRUE">last_edi_1</attrlabl><attalias Sync="TRUE">last_edi_1</attalias><attrtype Sync="TRUE">Date</attrtype><attwidth Sync="TRUE">8</attwidth><atprecis Sync="TRUE">0</atprecis><attscale Sync="TRUE">0</attscale></attr><attr><attrlabl Sync="TRUE">Shape_Leng</attrlabl><attalias Sync="TRUE">Shape_Leng</attalias><attrtype Sync="TRUE">Double</attrtype><attwidth Sync="TRUE">19</attwidth><atprecis Sync="TRUE">0</atprecis><attscale Sync="TRUE">0</attscale></attr><attr><attrlabl Sync="TRUE">Shape_Area</attrlabl><attalias Sync="TRUE">Shape_Area</attalias><attrtype Sync="TRUE">Double</attrtype><attwidth Sync="TRUE">19</attwidth><atprecis Sync="TRUE">0</atprecis><attscale Sync="TRUE">0</attscale><attrdef Sync="TRUE">Area of feature in internal units squared.</attrdef><attrdefs Sync="TRUE">Esri</attrdefs><attrdomv><udom Sync="TRUE">Positive real numbers that are automatically generated.</udom></attrdomv></attr></detailed></eainfo></metadata>
